<step title="Incoming Request" date="2025-11-01T07:30:52.364" instance="2e9614" url="/api/zipdeploy?isAsync=true" method="POST" type="request" pid="767,1,5" Accept="*/*" Host="html-citation-cleaner-3841.scm.azurewebsites.net" User-Agent="AZURECLI/2.69.0 (MSI)" Accept-Encoding="gzip, deflate" Authorization="Bas..." Cache-Control="no-cache" Content-Type="application/octet-stream" Content-Length="95760" x-ms-client-request-id="8a5b96fc-b6f4-11f0-aaf1-f854f63ba6e8" x-ms-artifact-checksum="b68b81f2d15414ea8c70f2137b9b75db04f3be796c35bb89eeef466ed6f3231f" X-ARR-LOG-ID="8a5b96fc-b6f4-11f0-aaf1-f854f63ba6e8" CLIENT-IP="43.230.104.18:62802" X-SITE-DEPLOYMENT-ID="html-citation-cleaner-3841" WAS-DEFAULT-HOSTNAME="html-citation-cleaner-3841.scm.azurewebsites.net" X-Forwarded-Proto="https" X-AppService-Proto="https" X-Forwarded-TlsVersion="1.3" X-WAWS-Unencoded-URL="/api/zipdeploy?isAsync=true" X-Client-IP="43.230.104.18" X-Client-Port="62802" >
  <step title="ZipPushDeploy" date="2025-11-01T07:30:52.616" >
    <step title="ZipDeploy. Extract zip. Remote build." date="2025-11-01T07:30:52.629" /><!-- duration: 9ms -->
    <step title="None repository commit" date="2025-11-01T07:30:52.649" >
      <step title="Commit id: d0f76587-b06e-44ec-94d0-a24b0d466954" date="2025-11-01T07:30:52.657" Message="N/A" AuthorName="N/A" AuthorEmail="N/A" /><!-- duration: 7ms -->
    </step><!-- duration: 21ms -->
    <step title="Starting PushDeployAsync" date="2025-11-01T07:30:52.676" /><!-- duration: 7ms -->
    <step title="Writing artifact to /tmp/zipdeploy/7db10c18-40e6-45c5-807f-0c3c01790083.zip" date="2025-11-01T07:30:52.700" >
      <step title="Writing multipart request body to /tmp/zipdeploy/7db10c18-40e6-45c5-807f-0c3c01790083.zip" date="2025-11-01T07:30:52.707" /><!-- duration: 6ms -->
    </step><!-- duration: 31ms -->
    <step title="Start deployment in the background" date="2025-11-01T07:30:52.752" >
      <step title="Acquiring Deployment Lock" date="2025-11-01T07:30:52.782" /><!-- duration: 7ms -->
      <step title="Acquired Deployment Lock" date="2025-11-01T07:30:52.852" /><!-- duration: 7ms -->
    </step><!-- duration: 217ms -->
  </step><!-- duration: 364ms -->
  <step title="Outgoing response" date="2025-11-01T07:30:52.993" type="response" statusCode="202" statusText="Accepted" /><!-- duration: 7ms -->
</step><!-- duration: 644ms -->
