<step title="BackgroundTrace" date="2025-11-01T14:37:40.380" instance="2e9614" url="/api/zipdeploy" method="POST" >
  <step title="Creating temporary deployment - FetchDeploymentManager" date="2025-11-01T14:37:40.435" /><!-- duration: 2ms -->
  <step title="Creating temporary deployment" date="2025-11-01T14:37:40.441" /><!-- duration: 62ms -->
  <step title="Performing fetch based deployment" date="2025-11-01T14:37:40.537" >
    <step title="Cleaning up temp folders from previous zip deployments and extracting pushed zip file /tmp/zipdeploy/4efd4608-8110-495e-9d58-42b9d0e9acb8.zip (0.12 MB) to /tmp/zipdeploy/extracted" date="2025-11-01T14:37:41.691" >
      <step title="ChmodRecursive Process exited with total time taken in ms: 146" date="2025-11-01T14:37:41.907" /><!-- duration: 3ms -->
    </step><!-- duration: 222ms -->
    <step title="Deployment timer started" date="2025-11-01T14:37:43.924" >
      <step title="DeploymentManager.Deploy(id:c29506b8-a035-45c5-831f-da4cdd46869b)" date="2025-11-01T14:37:43.931" >
        <step title="Collecting changeset information" date="2025-11-01T14:37:43.953" /><!-- duration: 86ms -->
        <step title="Updating submodules" date="2025-11-01T14:37:44.046" /><!-- duration: 1126ms -->
        <step title="Determining deployment builder" date="2025-11-01T14:37:45.369" >
          <step title="Builder is OryxBuilder" date="2025-11-01T14:37:45.379" /><!-- duration: 3ms -->
        </step><!-- duration: 17ms -->
        <step title="PreDeployment: context.CleanOutputPath False" date="2025-11-01T14:37:45.430" >
          <step title="PreDeployment: context.OutputPath /home/site/wwwroot" date="2025-11-01T14:37:45.547" >
            <step title="Building" date="2025-11-01T14:37:45.671" >
              <step title="Executing external process" date="2025-11-01T14:37:45.905" type="process" path="bash" arguments="-c &quot;oryx build /tmp/zipdeploy/extracted -o /home/site/wwwroot --platform python --platform-version 3.11 -p virtualenv_name=antenv --log-file /tmp/build-debug.log  -i /tmp/8de195438ca4430 --compress-destination-dir | tee /tmp/oryx-build.log ; exit $PIPESTATUS &quot;" /><!-- duration: 51028ms -->
              <step title="Using PythonDeploymentLogParser" date="2025-11-01T14:38:37.344" /><!-- duration: 5ms -->
              <step title="Triggering recycle (preview mode disabled)." date="2025-11-01T14:38:38.328" /><!-- duration: 8ms -->
              <step title="Modified file to trigger a restart of the app container." date="2025-11-01T14:38:38.353" /><!-- duration: 3ms -->
              <step title="Skip function trigger and logicapp sync because function is not enabled." date="2025-11-01T14:38:38.439" /><!-- duration: 4ms -->
            </step><!-- duration: 53459ms -->
          </step><!-- duration: 53588ms -->
          <step title="Cleaning up temp files" date="2025-11-01T14:38:39.139" /><!-- duration: 224ms -->
          <step title="Cleaning up temp files" date="2025-11-01T14:38:39.370" /><!-- duration: 511ms -->
          <step title="Reloading status file with latest updates" date="2025-11-01T14:38:39.899" >
            <step title="WebHooksManager.PublishEventAsync: PostDeployment" date="2025-11-01T14:38:39.902" /><!-- duration: 36ms -->
          </step><!-- duration: 41ms -->
          <step title="Cleaning up temporary deployment - fetch deployment was successful" date="2025-11-01T14:38:39.946" /><!-- duration: 2ms -->
        </step><!-- duration: 54574ms -->
      </step><!-- duration: 56083ms -->
