<step title="BackgroundTrace" date="2025-11-01T07:30:52.759" instance="2e9614" url="/api/zipdeploy" method="POST" >
  <step title="Creating temporary deployment - FetchDeploymentManager" date="2025-11-01T07:30:52.865" /><!-- duration: 5ms -->
  <step title="Creating temporary deployment" date="2025-11-01T07:30:52.878" /><!-- duration: 83ms -->
  <step title="Performing fetch based deployment" date="2025-11-01T07:30:53.037" >
    <step title="Cleaning up temp folders from previous zip deployments and extracting pushed zip file /tmp/zipdeploy/7db10c18-40e6-45c5-807f-0c3c01790083.zip (0.09 MB) to /tmp/zipdeploy/extracted" date="2025-11-01T07:30:54.271" >
      <step title="ChmodRecursive Process exited with total time taken in ms: 60" date="2025-11-01T07:30:54.399" /><!-- duration: 7ms -->
    </step><!-- duration: 161ms -->
    <step title="Deployment timer started" date="2025-11-01T07:30:56.448" >
      <step title="DeploymentManager.Deploy(id:d0f76587-b06e-44ec-94d0-a24b0d466954)" date="2025-11-01T07:30:56.465" >
        <step title="Collecting changeset information" date="2025-11-01T07:30:56.490" /><!-- duration: 126ms -->
        <step title="Updating submodules" date="2025-11-01T07:30:56.629" /><!-- duration: 1149ms -->
        <step title="Determining deployment builder" date="2025-11-01T07:30:58.034" >
          <step title="Builder is OryxBuilder" date="2025-11-01T07:30:58.050" /><!-- duration: 9ms -->
        </step><!-- duration: 32ms -->
        <step title="PreDeployment: context.CleanOutputPath False" date="2025-11-01T07:30:58.159" >
          <step title="PreDeployment: context.OutputPath /home/site/wwwroot" date="2025-11-01T07:30:58.307" >
            <step title="Building" date="2025-11-01T07:30:58.490" >
              <step title="Executing external process" date="2025-11-01T07:30:58.821" type="process" path="bash" arguments="-c &quot;oryx build /tmp/zipdeploy/extracted -o /home/site/wwwroot --platform python --platform-version 3.11 -p virtualenv_name=antenv --log-file /tmp/build-debug.log  -i /tmp/8de191899a394ef --compress-destination-dir | tee /tmp/oryx-build.log ; exit $PIPESTATUS &quot;" /><!-- duration: 43126ms -->
              <step title="Using PythonDeploymentLogParser" date="2025-11-01T07:31:42.472" /><!-- duration: 6ms -->
              <step title="Triggering recycle (preview mode disabled)." date="2025-11-01T07:31:43.874" /><!-- duration: 13ms -->
              <step title="Modified file to trigger a restart of the app container." date="2025-11-01T07:31:43.932" /><!-- duration: 6ms -->
              <step title="Skip function trigger and logicapp sync because function is not enabled." date="2025-11-01T07:31:44.029" /><!-- duration: 8ms -->
            </step><!-- duration: 46269ms -->
          </step><!-- duration: 46463ms -->
          <step title="Cleaning up temp files" date="2025-11-01T07:31:44.777" /><!-- duration: 265ms -->
          <step title="Cleaning up temp files" date="2025-11-01T07:31:45.054" /><!-- duration: 511ms -->
          <step title="Reloading status file with latest updates" date="2025-11-01T07:31:45.611" >
            <step title="WebHooksManager.PublishEventAsync: PostDeployment" date="2025-11-01T07:31:45.622" /><!-- duration: 74ms -->
          </step><!-- duration: 92ms -->
          <step title="Cleaning up temporary deployment - fetch deployment was successful" date="2025-11-01T07:31:45.713" /><!-- duration: 7ms -->
        </step><!-- duration: 47621ms -->
      </step><!-- duration: 49344ms -->
