<step title="Incoming Request" date="2025-11-01T14:37:39.851" instance="2e9614" url="/api/zipdeploy?isAsync=true" method="POST" type="request" pid="768,1,15" Accept="*/*" Host="html-citation-cleaner-3841.scm.azurewebsites.net" User-Agent="AZURECLI/2.69.0 (MSI)" Accept-Encoding="gzip, deflate" Authorization="Bas..." Cache-Control="no-cache" Content-Type="application/octet-stream" Content-Length="130871" x-ms-client-request-id="43c15690-b730-11f0-a950-f854f63ba6e8" x-ms-artifact-checksum="8d6ffeb0c67c204f6a95b7f1e8d956338911d87eb40586d6f1a17b6b046dac04" X-ARR-LOG-ID="43c15690-b730-11f0-a950-f854f63ba6e8" CLIENT-IP="43.230.104.18:62823" X-SITE-DEPLOYMENT-ID="html-citation-cleaner-3841" WAS-DEFAULT-HOSTNAME="html-citation-cleaner-3841.scm.azurewebsites.net" X-Forwarded-Proto="https" X-AppService-Proto="https" X-Forwarded-TlsVersion="1.3" X-WAWS-Unencoded-URL="/api/zipdeploy?isAsync=true" X-Client-IP="43.230.104.18" X-Client-Port="62823" >
  <step title="Cleanup Xml Logs" date="2025-11-01T14:37:39.854" /><!-- duration: 7ms -->
  <step title="ZipPushDeploy" date="2025-11-01T14:37:40.246" >
    <step title="ZipDeploy. Extract zip. Remote build." date="2025-11-01T14:37:40.256" /><!-- duration: 3ms -->
    <step title="None repository commit" date="2025-11-01T14:37:40.271" >
      <step title="Commit id: c29506b8-a035-45c5-831f-da4cdd46869b" date="2025-11-01T14:37:40.275" Message="N/A" AuthorName="N/A" AuthorEmail="N/A" /><!-- duration: 4ms -->
    </step><!-- duration: 11ms -->
    <step title="Starting PushDeployAsync" date="2025-11-01T14:37:40.285" /><!-- duration: 2ms -->
    <step title="Writing artifact to /tmp/zipdeploy/4efd4608-8110-495e-9d58-42b9d0e9acb8.zip" date="2025-11-01T14:37:40.329" >
      <step title="Writing multipart request body to /tmp/zipdeploy/4efd4608-8110-495e-9d58-42b9d0e9acb8.zip" date="2025-11-01T14:37:40.333" /><!-- duration: 3ms -->
    </step><!-- duration: 26ms -->
    <step title="Removing previous build artifact&apos;s manifest file" date="2025-11-01T14:37:40.361" >
      <step title="Start deployment in the background" date="2025-11-01T14:37:40.377" >
        <step title="Acquiring Deployment Lock" date="2025-11-01T14:37:40.388" /><!-- duration: 4ms -->
        <step title="Acquired Deployment Lock" date="2025-11-01T14:37:40.427" /><!-- duration: 6ms -->
      </step><!-- duration: 129ms -->
    </step><!-- duration: 150ms -->
    <step title="Outgoing response" date="2025-11-01T14:37:40.520" type="response" statusCode="202" statusText="Accepted" /><!-- duration: 3ms -->
  </step><!-- duration: 283ms -->
