﻿<?xml version="1.0" encoding="utf-8"?>
<deployment>
  <id>c29506b8-a035-45c5-831f-da4cdd46869b</id>
  <author>N/A</author>
  <deployer>Push-Deployer</deployer>
  <authorEmail>N/A</authorEmail>
  <message>Created via a push deployment</message>
  <progress></progress>
  <status>Success</status>
  <statusText></statusText>
  <lastSuccessEndTime>2025-11-01T14:38:38.8021862Z</lastSuccessEndTime>
  <receivedTime>2025-11-01T14:37:43.9818761Z</receivedTime>
  <startTime>2025-11-01T14:37:45.308577Z</startTime>
  <endTime>2025-11-01T14:38:38.8021862Z</endTime>
  <complete>True</complete>
  <is_temp>False</is_temp>
  <is_readonly>True</is_readonly>
  <buildSummary />
</deployment>