﻿<?xml version="1.0" encoding="utf-8"?>
<deployment>
  <id>d0f76587-b06e-44ec-94d0-a24b0d466954</id>
  <author>N/A</author>
  <deployer>Push-Deployer</deployer>
  <authorEmail>N/A</authorEmail>
  <message>Created via a push deployment</message>
  <progress></progress>
  <status>Success</status>
  <statusText></statusText>
  <lastSuccessEndTime>2025-11-01T07:31:44.4206843Z</lastSuccessEndTime>
  <receivedTime>2025-11-01T07:30:56.535859Z</receivedTime>
  <startTime>2025-11-01T07:30:57.9542176Z</startTime>
  <endTime>2025-11-01T07:31:44.4206843Z</endTime>
  <complete>True</complete>
  <is_temp>False</is_temp>
  <is_readonly>True</is_readonly>
  <buildSummary />
</deployment>